{
  "name": "Doron Stember, MD",
  "data": {
    "NOTES": "",
    "Address": "208 East Broadway J-1306, NY, NY 10002",
    "Phone Number": "555-0100",
    "Email": "doron.stember@example.com",
    "NPI Number": "1234567890",
    "DEA License Number": "DS1234563",
    "AL": "41855",
    "AZ": "63243",
    "AR": "E-17391",
    "CA": "171359",
    "CA Furnishing": "",
    "CO": "DR.0067368",
    "CO APRN RX": "",
    "CT": "1.068713",
    "CT CSR": "",
    "DC": "",
    "DE": "",
    "FL": "ME147501",
    "GA": "89666",
    "HI": "",
    "ID": "M-17553",
    "ID CSR": "",
    "IL": "036155878",
    "IL CSR": "336.115573",
    "IN": "01087380A",
    "IN CSR": "",
    "IA": "",
    "IA CSR": "",
    "KS": "",
    "KY": "57464",
    "LA": "",
    "ME": "MD27544",
    "MD": "D0099399",
    "MD CSR": "M121508",
    "MA": "",
    "MA CSR": "",
    "MI": "4301503834",
    "MI CSR": "",
    "MN": "",
    "MS": "",
    "MO": "2022033807",
    "MT": "MED-PHYS-LIC-130893",
    "NE": "36076",
    "NV": "",
    "NV CSR": "",
    "NH": "25252",
    "NJ": "25MA11008000",
    "NJ CSR": "D13076600",
    "NM": "",
    "NM CSR": "",
    "NY": "241937",
    "NC": "2021-01771",
    "ND": "",
    "OH": "35.141234",
    "OK": "",
    "OR": "",
    "PA": "MD475300",
    "PA RX": "",
    "RI": "",
    "SC": "91562",
    "SD": "",
    "SD CSR": "",
    "TN": "62339",
    "TX": "S9802",
    "UT": "12659039-1205",
    "UT CSR": "12659039-8905",
    "VT": "",
    "VA": "0101272776",
    "WA": "MD61135626",
    "WV": "",
    "WI": "76112-20",
    "WY": ""
  }
}
